{
  "n_epochs": 100,
  "n_train": 10954336,
  "n_val": 1217148,
  "best_val_rmse_nm": 5.552423477172852,
  "final_val_rmse_nm": 5.5634236335754395,
  "training_time_sec": 4248.169959783554,
  "n_parameters": 12417,
  "batch_size": 512,
  "learning_rate": 0.001
}